SHAP_Rank,Feature,Electrode,Region,Lobe,Hemisphere,Feature_Type,Mean_abs_SHAP,Mean_signed_SHAP,MDD_median,MDD_IQR,HC_median,HC_IQR,U_statistic,p_value,p_FDR,Significant_FDR_0.05,r_rb,Effect_size,Direction,Candidate_Biomarker,MDD_Shapiro_p,HC_Shapiro_p,Any_NonNormal,Scalp
1,Alpha_Band_psd_mean_11,P4,Parietal,Parietal,Right,Alpha_Band_psd_mean,0.024434530861645275,0.004264005173385915,5.4280300065,10.281191239750001,2.832018694,3.016143365,1424.0,0.0014794248767053412,0.003907347116384547,True,0.38926829268292673,Medium,Higher in MDD,True,1.2802095622714344e-05,8.470403800056184e-06,True,Right parietal scalp
2,Alpha_Band_psd_variance_12,O2,Occipital,Occipital,Right,Alpha_Band_psd_variance,0.023731696410476254,0.0011338965038084595,75.56013278,754.552795393,10.2421327,62.902580277000006,1430.0,0.0012529264707163445,0.003907347116384547,True,0.3951219512195121,Medium,Higher in MDD,True,2.32216218707204e-11,3.92970834285912e-11,True,Right occipital scalp
4,Alpha_Band_psd_variance_14,T4,Temporal,Temporal,Right,Alpha_Band_psd_variance,0.02110522007605213,-0.0008947270373000897,3.820759586,35.70833059575,1.227271072,2.831499823,1427.0,0.0013618383850774987,0.003907347116384547,True,0.3921951219512194,Medium,Higher in MDD,True,4.1288865494834393e-10,3.647931604149361e-11,True,Right mid-temporal scalp
5,Alpha_Band_psd_mean_4,O1,Occipital,Occipital,Left,Alpha_Band_psd_mean,0.017322754538373755,0.00042506586115585157,9.866646575499999,16.213485217250003,4.254910486,6.579814814000001,1456.0,0.0005948718317839988,0.003907347116384547,True,0.4204878048780487,Medium,Higher in MDD,True,1.926994758358634e-06,4.00854803368925e-07,True,Left occipital scalp
7,Hjorth_Complexity_4,O1,Occipital,Occipital,Left,Hjorth_Complexity,0.015310296434842897,0.002078161370618674,0.727989559,0.17264792499999992,0.822455971,0.19230883200000004,628.0,0.001562938846553819,0.003907347116384547,True,-0.3873170731707317,Medium,Higher in HC,True,0.4691898578683257,0.33839726250216984,False,Left occipital scalp
8,Alpha_Band_psd_mean_3,P3,Parietal,Parietal,Left,Alpha_Band_psd_mean,0.015244724866134119,0.0014474198544819604,5.2533587829999995,7.5327900670000005,2.562411603,2.858679312,1442.0,0.000892885913847065,0.003907347116384547,True,0.40682926829268284,Medium,Higher in MDD,True,1.8609230656881577e-08,9.318466172404745e-07,True,Left parietal scalp
13,Wavelet_Energy_12,O2,Occipital,Occipital,Right,Wavelet_Energy,0.013441032111226298,0.0005696226896490065,5622272.867000001,6374395.884249999,3236630.567,2753795.986,1447.0,0.0007733750876284024,0.003907347116384547,True,0.41170731707317065,Medium,Higher in MDD,True,3.828314272549461e-07,8.655099036251982e-06,True,Right occipital scalp
19,Beta_Band_psd_mean_12,O2,Occipital,Occipital,Right,Beta_Band_psd_mean,0.009713692500597698,0.0014090759609991167,1.032547262,0.889828883,0.684511407,0.720422385,1431.0,0.0012184485519309304,0.003907347116384547,True,0.39609756097560966,Medium,Higher in MDD,True,9.064100552258628e-06,3.6511653550393176e-05,True,Right occipital scalp
11,Beta_Band_psd_variance_15,T6,Temporo-parietal,Temporal,Right,Beta_Band_psd_variance,0.014523476574022616,0.0012593220825760836,0.27136362199999997,0.5067198405000001,0.097133083,0.170131275,1390.0,0.003643491540026948,0.0066245300727762685,True,0.35609756097560985,Medium,Higher in MDD,True,2.8248233088167494e-09,3.5076340118412574e-09,True,Right posterior temporal scalp
16,Alpha_Band_psd_mean_6,T3,Temporal,Temporal,Left,Alpha_Band_psd_mean,0.010038599666775491,0.00022964470031222652,3.2042019745,3.37156989275,1.846723137,2.353031906,1391.0,0.003551640748774862,0.0066245300727762685,True,0.3570731707317074,Medium,Higher in MDD,True,1.31604133115979e-06,0.0015205232164867267,True,Left mid-temporal scalp
18,Beta_Band_psd_mean_15,T6,Temporo-parietal,Temporal,Right,Beta_Band_psd_mean,0.00983967277589789,-0.0004107513041462333,1.001452583,0.735487406,0.660055777,0.464348066,1395.0,0.0032049255133910397,0.0066245300727762685,True,0.36097560975609766,Medium,Higher in MDD,True,0.0007222105822601361,0.0003885203486939048,True,Right posterior temporal scalp
6,Alpha_Band_psd_mean_14,T4,Temporal,Temporal,Right,Alpha_Band_psd_mean,0.015997446882339308,0.0010848620474783427,2.7497841574999997,5.1466910935,1.976056266,1.749340341,1381.0,0.0045726215901381855,0.007034802446366439,True,0.3473170731707318,Medium,Higher in MDD,True,7.611737436864126e-05,4.3253076041175514e-05,True,Right mid-temporal scalp
9,Hjorth_Complexity_11,P4,Parietal,Parietal,Right,Hjorth_Complexity,0.015064031875657143,0.001970898324977647,0.7378826089999999,0.19496584674999995,0.833759749,0.16752723000000003,668.0,0.004459710439130105,0.007034802446366439,True,-0.34829268292682924,Medium,Higher in HC,True,0.051245475721932346,0.15488766825380995,False,Right parietal scalp
10,Wavelet_Energy_14,T4,Temporal,Temporal,Right,Wavelet_Energy,0.014700377596777737,-0.00011949192372014505,2956105.109,2484102.573,1957749.424,1644882.6469999999,1378.0,0.0049270605506722565,0.0070386579295317955,True,0.3443902439024391,Medium,Higher in MDD,True,0.06500118877782472,0.01998537429253382,True,Right mid-temporal scalp
3,Alpha_Band_psd_mean_1,F3,Frontal,Frontal,Left,Alpha_Band_psd_mean,0.023179494427401217,0.0012983042412509855,0.6071684035,0.9222964720000001,0.39827069,0.33274366499999997,1371.0,0.005852592012790446,0.007803456017053928,True,0.3375609756097562,Medium,Higher in MDD,True,3.941196877145787e-07,0.01435131848145132,True,Left frontal scalp
14,Beta_Band_psd_mean_4,O1,Occipital,Occipital,Left,Beta_Band_psd_mean,0.012680020242064948,0.00145602819696573,1.080157915,0.9735183864999999,0.744210669,0.5288575119999999,1365.0,0.006767616456064862,0.008459520570081076,True,0.3317073170731708,Medium,Higher in MDD,True,6.3688890026849064e-06,6.7682955087403e-05,True,Left occipital scalp
17,Hjorth_Complexity_3,P3,Parietal,Parietal,Left,Hjorth_Complexity,0.009901019480571312,0.001953803673025556,0.751140472,0.16961725150000007,0.84896486,0.20393395299999995,691.0,0.007809237717333909,0.00918733849098107,True,-0.3258536585365853,Medium,Higher in HC,True,0.3887388047676163,0.31557768793061675,False,Left parietal scalp
12,Alpha_Band_psd_mean_0,Fp1,Prefrontal,Frontal,Left,Alpha_Band_psd_mean,0.014334043714702859,-0.0002886370119322298,0.7586171715000001,0.96222001525,0.449571988,0.48414218600000003,1348.0,0.01009771253028743,0.01009771253028743,True,0.31512195121951225,Medium,Higher in MDD,True,9.73918378340182e-09,1.2336808980581553e-05,True,Left prefrontal scalp
15,Alpha_Band_psd_variance_5,F7,Fronto-temporal,Frontal,Left,Alpha_Band_psd_variance,0.01096179271938166,0.0009510108993022145,0.7288122665000001,3.338437565,0.211959603,0.658943157,1350.0,0.009641778549939818,0.01009771253028743,True,0.3170731707317074,Medium,Higher in MDD,True,2.271586138469147e-09,2.0056804235857166e-10,True,Left fronto-temporal scalp
20,Wavelet_Energy_15,T6,Temporo-parietal,Temporal,Right,Wavelet_Energy,0.009342919913967669,0.0013008017696871763,4876651.177,4922043.175,3424312.158,3466085.392,1352.0,0.009204287979850416,0.01009771253028743,True,0.3190243902439025,Medium,Higher in MDD,True,0.0018191551115190137,0.04194443690177899,True,Right posterior temporal scalp
